{
  "gemini-2.5-pro": {
    "n": 680,
    "slope": 1.191564502918111,
    "intercept": -3.0939383282603927,
    "r_squared": 0.43177670816326574
  }
}