{
  "gemini-2.5-pro": {
    "n": 440,
    "slope": 1.5460997638023823,
    "intercept": -5.941494879680717,
    "r_squared": 0.5255605842519872
  }
}