{
  "judges_seen": [
    "claude-sonnet-4-6",
    "deepseek-v4-pro",
    "gemini-2.5-pro",
    "gpt-5",
    "kimi-k2.6"
  ],
  "pairwise_spearman": {
    "claude-sonnet-4-6__vs__deepseek-v4-pro": 0.5516163828243478,
    "claude-sonnet-4-6__vs__gemini-2.5-pro": 0.660156911346501,
    "claude-sonnet-4-6__vs__gpt-5": 0.755243028141273,
    "claude-sonnet-4-6__vs__kimi-k2.6": 0.6598640319555731,
    "deepseek-v4-pro__vs__gemini-2.5-pro": 0.7482262214839525,
    "deepseek-v4-pro__vs__gpt-5": 0.6650773821038396,
    "deepseek-v4-pro__vs__kimi-k2.6": 0.7298687609929709,
    "gemini-2.5-pro__vs__gpt-5": 0.7285663820984366,
    "gemini-2.5-pro__vs__kimi-k2.6": 0.7795062458102315,
    "gpt-5__vs__kimi-k2.6": 0.7216812188276821
  },
  "pairwise_n": {
    "claude-sonnet-4-6__vs__deepseek-v4-pro": 440,
    "claude-sonnet-4-6__vs__gemini-2.5-pro": 440,
    "claude-sonnet-4-6__vs__gpt-5": 440,
    "claude-sonnet-4-6__vs__kimi-k2.6": 440,
    "deepseek-v4-pro__vs__gemini-2.5-pro": 440,
    "deepseek-v4-pro__vs__gpt-5": 440,
    "deepseek-v4-pro__vs__kimi-k2.6": 440,
    "gemini-2.5-pro__vs__gpt-5": 440,
    "gemini-2.5-pro__vs__kimi-k2.6": 440,
    "gpt-5__vs__kimi-k2.6": 440
  },
  "mean_pairwise_spearman": 0.6999806565584807,
  "n_trials": 440
}