{
  "judges_seen": [
    "claude-sonnet-4-6",
    "deepseek-v4-pro",
    "gemini-2.5-pro",
    "gpt-5",
    "kimi-k2.6"
  ],
  "pairwise_spearman": {
    "claude-sonnet-4-6__vs__deepseek-v4-pro": 0.6752049617841461,
    "claude-sonnet-4-6__vs__gemini-2.5-pro": 0.7608676793564392,
    "claude-sonnet-4-6__vs__gpt-5": 0.8250465738977484,
    "claude-sonnet-4-6__vs__kimi-k2.6": 0.7612660283177702,
    "deepseek-v4-pro__vs__gemini-2.5-pro": 0.8226914167115714,
    "deepseek-v4-pro__vs__gpt-5": 0.7735387666406905,
    "deepseek-v4-pro__vs__kimi-k2.6": 0.7153039190285141,
    "gemini-2.5-pro__vs__gpt-5": 0.8485828294988185,
    "gemini-2.5-pro__vs__kimi-k2.6": 0.7657917502016618,
    "gpt-5__vs__kimi-k2.6": 0.7464063197127104
  },
  "pairwise_n": {
    "claude-sonnet-4-6__vs__deepseek-v4-pro": 680,
    "claude-sonnet-4-6__vs__gemini-2.5-pro": 680,
    "claude-sonnet-4-6__vs__gpt-5": 680,
    "claude-sonnet-4-6__vs__kimi-k2.6": 680,
    "deepseek-v4-pro__vs__gemini-2.5-pro": 680,
    "deepseek-v4-pro__vs__gpt-5": 680,
    "deepseek-v4-pro__vs__kimi-k2.6": 680,
    "gemini-2.5-pro__vs__gpt-5": 680,
    "gemini-2.5-pro__vs__kimi-k2.6": 680,
    "gpt-5__vs__kimi-k2.6": 680
  },
  "mean_pairwise_spearman": 0.7694700245150071,
  "n_trials": 680
}