{
  "claude-sonnet-4-6": {
    "n": 680,
    "slope": 0.43703677893496456,
    "intercept": 2.4836692748273843,
    "r_squared": 0.12131351562703174
  },
  "gpt-5": {
    "n": 680,
    "slope": 0.7851728982494477,
    "intercept": 0.24340345226488314,
    "r_squared": 0.2945187481642304
  },
  "deepseek-v4-pro": {
    "n": 680,
    "slope": 0.9527943415087593,
    "intercept": -0.5363487277345742,
    "r_squared": 0.3579301689744301
  },
  "kimi-k2.6": {
    "n": 680,
    "slope": 0.4807521774992155,
    "intercept": 2.521797345146467,
    "r_squared": 0.12999297241989793
  },
  "gemini-2.5-pro": {
    "n": 680,
    "slope": 1.191564502918111,
    "intercept": -3.0939383282603927,
    "r_squared": 0.43177670816326574
  }
}