{
  "claude-sonnet-4-6": {
    "n": 440,
    "slope": 0.580596466437188,
    "intercept": 1.4177651809075718,
    "r_squared": 0.1488542054592682
  },
  "gpt-5": {
    "n": 440,
    "slope": 0.9158941377855871,
    "intercept": -0.6883839699964271,
    "r_squared": 0.3593119395081802
  },
  "deepseek-v4-pro": {
    "n": 440,
    "slope": 1.2295838797886898,
    "intercept": -2.7666594825119883,
    "r_squared": 0.4421247419368477
  },
  "kimi-k2.6": {
    "n": 440,
    "slope": 0.7967885129847658,
    "intercept": -0.018149371653122692,
    "r_squared": 0.2605256008396931
  },
  "gemini-2.5-pro": {
    "n": 440,
    "slope": 1.5460997638023823,
    "intercept": -5.941494879680717,
    "r_squared": 0.5255605842519872
  }
}